Model,Accuracy,Precision,Recall,F1-Score,ROC-AUC
XGBoost (Tuned),0.6146202980837473,0.40253748558246827,0.9331550802139037,0.5624496373892023,0.8244000103335142
Soft Voting Ensemble,0.7203690560681334,0.4838709677419355,0.8021390374331551,0.6036217303822937,0.8301841948900772
Logistic Regression,0.7551454932576295,0.5277246653919694,0.7379679144385026,0.6153846153846154,0.8254643622930068
Gradient Boosting,0.7572746628814763,0.53125,0.7272727272727273,0.6139954853273137,0.8280942416492287
Random Forest (Tuned),0.7487579843860894,0.5199203187250996,0.6978609625668449,0.5958904109589042,0.8225012271048076
XGBoost,0.7565649396735273,0.5342163355408388,0.6470588235294118,0.585247883917775,0.8128665168307112
KNN,0.687721788502484,0.43933823529411764,0.6390374331550802,0.5206971677559913,0.740034617272469
Random Forest,0.7466288147622427,0.5192743764172335,0.6122994652406417,0.561963190184049,0.7958975948745769
