Model,Accuracy,Precision,Recall,F1-Score,ROC-AUC
XGBoost (Tuned),0.6217175301632364,0.406799531066823,0.9278074866310161,0.5656071719641402,0.8253868609367331
Soft Voting Ensemble,0.7196593328601846,0.48314606741573035,0.8048128342245989,0.6038114343029087,0.8305226174791392
Logistic Regression,0.7551454932576295,0.5277246653919694,0.7379679144385026,0.6153846153846154,0.8256296985197242
Gradient Boosting,0.7579843860894251,0.5321637426900585,0.7299465240641712,0.6155580608793687,0.828269911390116
Random Forest (Tuned),0.7480482611781405,0.5188118811881188,0.7005347593582888,0.59613196814562,0.8234196181766515
XGBoost,0.7558552164655784,0.5324675324675324,0.6577540106951871,0.5885167464114832,0.8172208013640239
KNN,0.687721788502484,0.43933823529411764,0.6390374331550802,0.5206971677559913,0.740034617272469
Random Forest,0.752306600425834,0.528604118993135,0.6176470588235294,0.5696670776818742,0.7945141956650907
